Workbook

Sheet DATA

Sheet הצהרה מנהלים
B3: להלן דוח ביקור ביקורי בית שביצעה לשכה פרטית | G3: ______________________ | I3: (להלן "הלשכה")
B4: לרבעון מס. __________ | D4: לשנת | E4: ____________.
B6: הרנו לאשר כי ככל שלא צויין אחרת, לא נמצאו נסיבות חריגות או הפרות של הדין או הנהלים הרלוונטיים בביקורים הנ"ל וכי על פי בדיקתנו העובדים הזרים, ששמותיהם מפורטים לעיל , מועסקים במשרה מלאה לפחות במתן טיפול סיעודי למטופלים ששמותיהם מצוינים לצידם תוך שהעובדים מתגוררים בבית המטופל הסיעודי האמור.
B10: ידוע לנו כי האחריות על הנתונים בדו"ח ונכונותם חלה על הלשכה ונושאי המשרה בה וכי מסירת מידע כוזב או חסר עלולה להביא לסנקציה כנגד הלשכה ונושאי המשרה בה כמצוין בחוק שירות התעסוקה, תשי"ט-1959, ובנוהל מספר 9.2.0001 שהינו תנאי לתוקף ההתרים של הלשכה, ולפי כל דין.

Sheet דוח רבעוני
A3: דוח רבעוני
A4: שם הלשכה:
A5: שנת הדוח:
A6: רבעון הדוח:
A7: # | B7: פרטי המטופל | H7: פרטי העובד הזר (יוזן באנגלית) | M7: פרטי השמה
B8: תעודת זהות | C8: שם משפחה | D8: שם פרטי | E8: יישוב | F8: רחוב | G8: טלפון (מטופל/ בן משפחה) | H8: שם משפחה | I8: שם פרטי | J8: פלאפון | K8: מספר דרכון | L8: ארץ מוצא | M8: תאריך הביקור | N8: סטטוס ביקור | O8: סוג השמה | P8: תאריך השמה | Q8: מבצע הביקור | R8: תפקיד מבצע הביקור
A9: =IF(ISBLANK(DATA!A1),"",DATA!A1) | B9: =IF(ISBLANK(DATA!B1),"",DATA!B1) | C9: =IF(ISBLANK(DATA!C1),"",DATA!C1) | D9: =IF(ISBLANK(DATA!D1),"",DATA!D1) | E9: =IF(ISBLANK(DATA!E1),"",DATA!E1) | F9: =IF(ISBLANK(DATA!F1),"",DATA!F1) | G9: =IF(ISBLANK(DATA!G1),"",DATA!G1) | H9: =IF(ISBLANK(DATA!H1),"",DATA!H1) | ... R9: =IF(ISBLANK(DATA!R1),"",DATA!R1)
A10: =IF(ISBLANK(DATA!A2),"",DATA!A2) | B10: =IF(ISBLANK(DATA!B2),"",DATA!B2) | C10: =IF(ISBLANK(DATA!C2),"",DATA!C2) | D10: =IF(ISBLANK(DATA!D2),"",DATA!D2) | E10: =IF(ISBLANK(DATA!E2),"",DATA!E2) | F10: =IF(ISBLANK(DATA!F2),"",DATA!F2) | G10: =IF(ISBLANK(DATA!G2),"",DATA!G2) | H10: =IF(ISBLANK(DATA!H2),"",DATA!H2) | ... R10: =IF(ISBLANK(DATA!R2),"",DATA!R2)
A11: =IF(ISBLANK(DATA!A3),"",DATA!A3) | B11: =IF(ISBLANK(DATA!B3),"",DATA!B3) | C11: =IF(ISBLANK(DATA!C3),"",DATA!C3) | D11: =IF(ISBLANK(DATA!D3),"",DATA!D3) | E11: =IF(ISBLANK(DATA!E3),"",DATA!E3) | F11: =IF(ISBLANK(DATA!F3),"",DATA!F3) | G11: =IF(ISBLANK(DATA!G3),"",DATA!G3) | H11: =IF(ISBLANK(DATA!H3),"",DATA!H3) | ... R11: =IF(ISBLANK(DATA!R3),"",DATA!R3)
A12: =IF(ISBLANK(DATA!A4),"",DATA!A4) | B12: =IF(ISBLANK(DATA!B4),"",DATA!B4) | C12: =IF(ISBLANK(DATA!C4),"",DATA!C4) | D12: =IF(ISBLANK(DATA!D4),"",DATA!D4) | E12: =IF(ISBLANK(DATA!E4),"",DATA!E4) | F12: =IF(ISBLANK(DATA!F4),"",DATA!F4) | G12: =IF(ISBLANK(DATA!G4),"",DATA!G4) | H12: =IF(ISBLANK(DATA!H4),"",DATA!H4) | ... R12: =IF(ISBLANK(DATA!R4),"",DATA!R4)
A13: =IF(ISBLANK(DATA!A5),"",DATA!A5) | B13: =IF(ISBLANK(DATA!B5),"",DATA!B5) | C13: =IF(ISBLANK(DATA!C5),"",DATA!C5) | D13: =IF(ISBLANK(DATA!D5),"",DATA!D5) | E13: =IF(ISBLANK(DATA!E5),"",DATA!E5) | F13: =IF(ISBLANK(DATA!F5),"",DATA!F5) | G13: =IF(ISBLANK(DATA!G5),"",DATA!G5) | H13: =IF(ISBLANK(DATA!H5),"",DATA!H5) | ... R13: =IF(ISBLANK(DATA!R5),"",DATA!R5)
A14: =IF(ISBLANK(DATA!A6),"",DATA!A6) | B14: =IF(ISBLANK(DATA!B6),"",DATA!B6) | C14: =IF(ISBLANK(DATA!C6),"",DATA!C6) | D14: =IF(ISBLANK(DATA!D6),"",DATA!D6) | E14: =IF(ISBLANK(DATA!E6),"",DATA!E6) | F14: =IF(ISBLANK(DATA!F6),"",DATA!F6) | G14: =IF(ISBLANK(DATA!G6),"",DATA!G6) | H14: =IF(ISBLANK(DATA!H6),"",DATA!H6) | ... R14: =IF(ISBLANK(DATA!R6),"",DATA!R6)
A15: =IF(ISBLANK(DATA!A7),"",DATA!A7) | B15: =IF(ISBLANK(DATA!B7),"",DATA!B7) | C15: =IF(ISBLANK(DATA!C7),"",DATA!C7) | D15: =IF(ISBLANK(DATA!D7),"",DATA!D7) | E15: =IF(ISBLANK(DATA!E7),"",DATA!E7) | F15: =IF(ISBLANK(DATA!F7),"",DATA!F7) | G15: =IF(ISBLANK(DATA!G7),"",DATA!G7) | H15: =IF(ISBLANK(DATA!H7),"",DATA!H7) | ... R15: =IF(ISBLANK(DATA!R7),"",DATA!R7)
A16: =IF(ISBLANK(DATA!A8),"",DATA!A8) | B16: =IF(ISBLANK(DATA!B8),"",DATA!B8) | C16: =IF(ISBLANK(DATA!C8),"",DATA!C8) | D16: =IF(ISBLANK(DATA!D8),"",DATA!D8) | E16: =IF(ISBLANK(DATA!E8),"",DATA!E8) | F16: =IF(ISBLANK(DATA!F8),"",DATA!F8) | G16: =IF(ISBLANK(DATA!G8),"",DATA!G8) | H16: =IF(ISBLANK(DATA!H8),"",DATA!H8) | ... R16: =IF(ISBLANK(DATA!R8),"",DATA!R8)
A17: =IF(ISBLANK(DATA!A9),"",DATA!A9) | B17: =IF(ISBLANK(DATA!B9),"",DATA!B9) | C17: =IF(ISBLANK(DATA!C9),"",DATA!C9) | D17: =IF(ISBLANK(DATA!D9),"",DATA!D9) | E17: =IF(ISBLANK(DATA!E9),"",DATA!E9) | F17: =IF(ISBLANK(DATA!F9),"",DATA!F9) | G17: =IF(ISBLANK(DATA!G9),"",DATA!G9) | H17: =IF(ISBLANK(DATA!H9),"",DATA!H9) | ... R17: =IF(ISBLANK(DATA!R9),"",DATA!R9)
A18: =IF(ISBLANK(DATA!A10),"",DATA!A10) | B18: =IF(ISBLANK(DATA!B10),"",DATA!B10) | C18: =IF(ISBLANK(DATA!C10),"",DATA!C10) | D18: =IF(ISBLANK(DATA!D10),"",DATA!D10) | E18: =IF(ISBLANK(DATA!E10),"",DATA!E10) | F18: =IF(ISBLANK(DATA!F10),"",DATA!F10) | G18: =IF(ISBLANK(DATA!G10),"",DATA!G10) | H18: =IF(ISBLANK(DATA!H10),"",DATA!H10) | ... R18: =IF(ISBLANK(DATA!R10),"",DATA!R10)
A19: =IF(ISBLANK(DATA!A11),"",DATA!A11) | B19: =IF(ISBLANK(DATA!B11),"",DATA!B11) | C19: =IF(ISBLANK(DATA!C11),"",DATA!C11) | D19: =IF(ISBLANK(DATA!D11),"",DATA!D11) | E19: =IF(ISBLANK(DATA!E11),"",DATA!E11) | F19: =IF(ISBLANK(DATA!F11),"",DATA!F11) | G19: =IF(ISBLANK(DATA!G11),"",DATA!G11) | H19: =IF(ISBLANK(DATA!H11),"",DATA!H11) | ... R19: =IF(ISBLANK(DATA!R11),"",DATA!R11)
A20: =IF(ISBLANK(DATA!A12),"",DATA!A12) | B20: =IF(ISBLANK(DATA!B12),"",DATA!B12) | C20: =IF(ISBLANK(DATA!C12),"",DATA!C12) | D20: =IF(ISBLANK(DATA!D12),"",DATA!D12) | E20: =IF(ISBLANK(DATA!E12),"",DATA!E12) | F20: =IF(ISBLANK(DATA!F12),"",DATA!F12) | G20: =IF(ISBLANK(DATA!G12),"",DATA!G12) | H20: =IF(ISBLANK(DATA!H12),"",DATA!H12) | ... R20: =IF(ISBLANK(DATA!R12),"",DATA!R12)
... A508: =IF(ISBLANK(DATA!A500),"",DATA!A500) | B508: =IF(ISBLANK(DATA!B500),"",DATA!B500) | C508: =IF(ISBLANK(DATA!C500),"",DATA!C500) | D508: =IF(ISBLANK(DATA!D500),"",DATA!D500) | E508: =IF(ISBLANK(DATA!E500),"",DATA!E500) | F508: =IF(ISBLANK(DATA!F500),"",DATA!F500) | G508: =IF(ISBLANK(DATA!G500),"",DATA!G500) | H508: =IF(ISBLANK(DATA!H500),"",DATA!H500) | ... R508: =IF(ISBLANK(DATA!R500),"",DATA!R500)

Sheet גיליון1
C3: חזרה מאינרויזה | E3: כן
C4: עובד מחו"ל | E4: לא
C5: עובד ממאגר
C6: רישום לתאגיד
C13: טרום השמה
C14: לאחר השמה
C15: שוטף
C18: 2020 | D18: Q1
C19: 2021 | D19: Q2
C20: 2022 | D20: Q3
C21: 2023 | D21: Q4
C22: 2024
C23: 2025
C24: 2026
C25: 2027
C26: 2028
C27: 2029
C28: 2030

Sheet הסבר לחתימה בהצהרת מנהלים
